,Date,Close,Volume
0,733952,4.7779998779296875,93831500
1,733953,4.765999794006348,85935500
2,733954,4.392000198364258,41094000
3,733955,3.8399999141693115,25699000
4,733959,3.2219998836517334,34334500
5,733960,3.1600000858306885,34608500
6,733961,3.492000102996826,38557000
7,733962,3.4800000190734863,20253000
8,733965,3.4100000858306885,11012500
9,733966,3.628000020980835,13400500
10,733967,3.9679999351501465,20976000
11,733968,3.9779999256134033,18699000
12,733969,4.127999782562256,13106500
13,733972,4.381999969482422,12432500
14,733973,4.059999942779541,9126500
15,733974,4.044000148773193,6262500
16,733975,4.199999809265137,4789000
17,733976,4.257999897003174,3268000
18,733979,4.190000057220459,4611000
19,733980,4.110000133514404,3098500
20,733981,4.144000053405762,2336000
21,733982,4.070000171661377,3080000
22,733983,3.98799991607666,2134500
23,733986,4.184000015258789,3590500
24,733987,4.389999866485596,6152500
25,733988,4.251999855041504,4565000
26,733989,4.090000152587891,3981000
27,733990,3.9179999828338623,3709500
28,733993,3.9200000762939453,4063500
29,733994,3.805999994277954,6406500
30,733995,3.5799999237060547,3988000
31,733996,3.5199999809265137,3455000
32,733997,3.6640000343322754,3170000
33,734000,3.75600004196167,2429000
34,734001,3.8299999237060547,2239500
35,734002,3.753999948501587,3006500
36,734003,3.757999897003174,2895500
37,734004,3.819999933242798,1480000
38,734007,4.026000022888184,5440500
39,734008,3.8399999141693115,3365500
40,734009,3.9800000190734863,2516500
41,734010,3.950000047683716,2169000
42,734011,3.940000057220459,1898000
43,734014,3.9739999771118164,3664000
44,734015,3.8959999084472656,1005500
45,734016,4.090000152587891,2474500
46,734017,4.211999893188477,2435500
47,734018,4.210000038146973,2173000
48,734022,4.107999801635742,1217000
49,734023,4.179999828338623,1442000
50,734024,4.142000198364258,1881000
51,734025,4.033999919891357,1933000
52,734028,4.144000053405762,1804000
53,734029,4.223999977111816,3273500
54,734030,4.395999908447266,3423000
55,734031,4.188000202178955,13422500
56,734032,4.046000003814697,5992500
57,734035,4.211999893188477,4737500
58,734036,4.1539998054504395,3980000
59,734037,3.9739999771118164,4814500
60,734038,3.9119999408721924,3340500
61,734039,4.019999980926514,2894500
62,734042,4.105999946594238,2093000
63,734043,4.28000020980835,6072500
64,734044,4.395999908447266,9846500
65,734045,4.081999778747559,10979000
66,734046,4.119999885559082,2988500
67,734049,4.197999954223633,3218000
68,734050,4.223999977111816,1660000
69,734051,4.0920000076293945,1567000
70,734052,4.085999965667725,705000
71,734053,4.085999965667725,1339000
72,734056,4.047999858856201,856000
73,734057,4.047999858856201,1220000
74,734058,4.107999801635742,1591000
75,734059,4.150000095367432,1474000
76,734060,4.107999801635742,1423500
77,734063,4.046000003814697,814000
78,734064,4.010000228881836,1226000
79,734065,4.130000114440918,1562500
80,734066,4.150000095367432,2085500
81,734067,4.144000053405762,805500
82,734070,4.170000076293945,592500
83,734071,4.271999835968018,3304500
84,734072,4.199999809265137,1782500
85,734073,4.23799991607666,1121000
86,734074,4.368000030517578,1403000
87,734077,4.2820000648498535,2279000
88,734078,4.25,1612500
89,734079,4.354000091552734,1863000
90,734080,4.980000019073486,9370000
91,734081,4.888000011444092,5055000
92,734084,4.995999813079834,2547500
93,734085,4.926000118255615,4782000
94,734086,5.872000217437744,15302500
95,734087,5.607999801635742,9726500
96,734088,5.9679999351501465,13645500
97,734091,6.159999847412109,13114500
98,734092,5.934000015258789,6738000
99,734093,5.8979997634887695,3750000
100,734094,5.978000164031982,4780500
101,734095,6.197999954223633,5752500
102,734098,6.679999828338623,7648500
103,734099,6.914000034332275,7889000
104,734100,7.093999862670898,7125000
105,734102,7.064000129699707,1753000
106,734105,6.866000175476074,5728000
107,734106,7.065999984741211,11113000
108,734107,6.869999885559082,6496000
109,734108,6.46999979019165,10035000
110,734109,6.297999858856201,5800500
111,734112,6.061999797821045,6372000
112,734113,6.311999797821045,6556500
113,734114,6.473999977111816,3300000
114,734115,6.409999847412109,2030000
115,734116,6.303999900817871,2147000
116,734119,6.110000133514404,2052000
117,734120,5.705999851226807,8828500
118,734121,5.920000076293945,3714500
119,734122,6.1620001792907715,3950500
120,734123,6.271999835968018,4065000
121,734126,6.340000152587891,2617000
122,734127,6.452000141143799,3888500
123,734128,6.526000022888184,4166500
124,734129,6.01800012588501,7763000
125,734133,5.110000133514404,46509500
126,734134,5.2820000648498535,20281500
127,734135,5.546000003814697,16596000
128,734136,5.300000190734863,10205500
129,734137,5.326000213623047,7089500
130,734140,5.323999881744385,6415000
131,734141,5.334000110626221,5937000
132,734142,5.366000175476074,7233500
133,734143,5.576000213623047,10306000
134,734144,5.6479997634887695,11239500
135,734147,5.690000057220459,6713500
136,734148,5.392000198364258,8551000
137,734149,5.392000198364258,4822000
138,734150,5.24399995803833,3618000
139,734151,5.150000095367432,5960000
140,734155,5.127999782562256,8108500
141,734156,4.806000232696533,11857500
142,734157,4.52400016784668,11399500
143,734158,4.607999801635742,6085000
144,734161,4.8979997634887695,8225500
145,734162,4.935999870300293,6357500
146,734163,4.949999809265137,5399500
147,734164,4.984000205993652,4478500
148,734165,4.802000045776367,5242000
149,734168,4.820000171661377,4151500
150,734169,4.7820000648498535,3539000
151,734170,4.788000106811523,2847500
152,734171,4.72599983215332,2560000
153,734172,4.691999912261963,2720000
154,734175,4.613999843597412,4475500
155,734176,4.8979997634887695,17524500
156,734177,4.642000198364258,13178000
157,734178,4.644000053405762,4180500
158,734179,4.650000095367432,3172500
159,734182,4.616000175476074,6415500
160,734183,4.567999839782715,4768500
161,734184,4.946000099182129,20575500
162,734185,4.71999979019165,13092000
163,734186,4.636000156402588,11853500
164,734190,4.374000072479248,10323000
165,734191,4.366000175476074,8028000
166,734192,4.50600004196167,5276500
167,734193,4.7220001220703125,6731500
168,734196,4.7779998779296875,5256000
169,734197,4.788000106811523,5532000
170,734198,4.803999900817871,3316500
171,734199,4.872000217437744,3201000
172,734200,4.989999771118164,7900500
173,734203,4.98799991607666,10168000
174,734204,4.932000160217285,6999500
175,734205,4.943999767303467,4624000
176,734206,4.802000045776367,5085000
177,734207,4.814000129699707,4654000
178,734210,4.650000095367432,5830000
179,734211,4.590000152587891,6594000
180,734212,4.564000129699707,5848500
181,734213,4.561999797821045,4613000
182,734214,4.5920000076293945,3439500
183,734217,4.546000003814697,2058500
184,734218,4.438000202178955,2914500
185,734219,4.441999912261963,2114000
186,734220,4.466000080108643,2311000
187,734221,4.550000190734863,2840000
188,734224,4.650000095367432,5290500
189,734225,4.783999919891357,3777000
190,734226,4.742000102996826,6116500
191,734227,5.550000190734863,57589000
192,734228,5.331999778747559,14324000
193,734231,5.165999889373779,13046500
194,734232,5.340000152587891,15904500
195,734233,5.297999858856201,6441500
196,734234,5.447999954223633,14051500
197,734235,5.297999858856201,9732000
198,734238,5.053999900817871,6847000
199,734239,4.929999828338623,6787000
200,734240,4.986000061035156,6057500
201,734241,5.0279998779296875,4917000
202,734242,5.116000175476074,4717500
203,734245,5.00600004196167,5169500
204,734246,5.0320000648498535,2743500
205,734247,5.150000095367432,4186000
206,734248,5.3480000495910645,6930500
207,734252,5.2779998779296875,4004500
208,734253,5.386000156402588,7000000
209,734254,5.415999889373779,4984500
210,734255,5.5320000648498535,8000000
211,734256,5.519999980926514,3630000
212,734259,5.489999771118164,3923000
213,734260,5.374000072479248,4569500
214,734261,5.3379998207092285,5222500
215,734262,5.288000106811523,6092500
216,734263,5.423999786376953,4908500
217,734266,5.581999778747559,4582000
218,734267,5.665999889373779,7676500
219,734268,5.414000034332275,4812500
220,734269,5.533999919891357,3140000
221,734270,5.510000228881836,3307500
222,734273,5.320000171661377,3778500
223,734274,5.191999912261963,6171000
224,734275,5.269999980926514,3647500
225,734276,5.639999866485596,13275500
226,734277,5.593999862670898,4212500
227,734280,5.363999843597412,4318000
228,734281,5.343999862670898,3068500
229,734282,5.796000003814697,23465500
230,734283,5.895999908447266,16684500
231,734284,5.909999847412109,8435500
232,734288,6.0279998779296875,16452500
233,734289,5.703999996185303,7649500
234,734290,5.751999855041504,4931500
235,734291,6.026000022888184,31046000
236,734294,5.739999771118164,11655500
237,734295,5.673999786376953,6110500
238,734296,5.423999786376953,8479500
239,734297,5.52400016784668,8016000
240,734298,5.572000026702881,7833000
241,734301,5.685999870300293,8567000
242,734302,5.71999979019165,7867000
243,734303,5.464000225067139,6725000
244,734304,5.300000190734863,9211000
245,734305,5.300000190734863,8570000
246,734308,5.202000141143799,7689000
247,734309,5.50600004196167,7480000
248,734310,5.441999912261963,7378000
249,734311,5.541999816894531,5850000
250,734312,5.513999938964844,18042500
251,734315,5.492000102996826,9047000
252,734316,5.622000217437744,4446000
253,734317,5.6579999923706055,7309000
254,734318,5.826000213623047,4733500
255,734319,5.803999900817871,4274500
256,734323,5.828000068664551,4980000
257,734324,5.791999816894531,4634500
258,734325,5.946000099182129,6639500
259,734326,5.76200008392334,6203000
260,734329,5.670000076293945,4879000
261,734330,5.633999824523926,5227000
262,734331,5.728000164031982,5330000
263,734332,5.521999835968018,5795000
264,734333,5.515999794006348,3545000
265,734336,5.446000099182129,4259500
266,734337,5.578000068664551,5130500
267,734338,5.73799991607666,15241500
268,734339,5.739999771118164,5057500
269,734340,5.857999801635742,2917500
270,734343,5.697999954223633,3366500
271,734344,5.599999904632568,3803000
272,734345,5.5279998779296875,4792500
273,734346,5.633999824523926,4693500
274,734347,5.633999824523926,4741000
275,734350,5.754000186920166,5824500
276,734351,5.4679999351501465,7747000
277,734352,5.440000057220459,8972500
278,734353,4.949999809265137,15322500
279,734354,4.8480000495910645,9822000
280,734357,4.728000164031982,13042500
281,734358,5.01200008392334,6667000
282,734359,4.763999938964844,7821000
283,734360,5.059999942779541,4182500
284,734361,5.26200008392334,5045500
285,734364,5.245999813079834,3693000
286,734365,5.21999979019165,2688500
287,734366,5.165999889373779,3218500
288,734367,4.8520002365112305,5283000
289,734368,4.460000038146973,6876500
290,734371,4.389999866485596,4930500
291,734372,4.5920000076293945,4345000
292,734373,4.77400016784668,3421500
293,734374,4.622000217437744,3399000
294,734375,4.745999813079834,3809000
295,734378,4.941999912261963,4017000
296,734379,4.926000118255615,1831000
297,734380,4.947999954223633,4119000
298,734381,4.800000190734863,4240500
299,734382,4.613999843597412,3849500
300,734386,4.5879998207092285,4049000
301,734387,4.76800012588501,2296000
302,734388,4.7220001220703125,2528500
303,734389,4.593999862670898,3346500
304,734392,4.576000213623047,2833000
305,734393,4.815999984741211,3632500
306,734394,4.868000030517578,4154000
307,734395,4.964000225067139,2813000
308,734396,5.159999847412109,7085500
309,734399,5.1539998054504395,5787000
310,734400,5.202000141143799,5902000
311,734401,5.170000076293945,4938000
312,734402,5.125999927520752,3879000
313,734403,5.276000022888184,5782000
314,734406,5.104000091552734,4674000
315,734407,5.23799991607666,3372500
316,734408,4.918000221252441,3616500
317,734409,4.823999881744385,4648000
318,734410,4.877999782562256,6680500
319,734413,4.745999813079834,5116000
320,734414,4.73199987411499,6001500
321,734415,5.073999881744385,6147500
322,734416,5.392000198364258,8845500
323,734417,5.3979997634887695,6558000
324,734420,5.576000213623047,4617500
325,734421,5.521999835968018,2878500
326,734422,5.559999942779541,5617000
327,734423,5.5879998207092285,5217500
328,734424,5.610000133514404,7002500
329,734427,5.484000205993652,3772500
330,734428,5.668000221252441,4998500
331,734429,5.513999938964844,3964500
332,734430,5.4679999351501465,4998500
333,734431,5.605999946594238,5713000
334,734434,5.710000038146973,4703000
335,734435,5.650000095367432,3272000
336,734436,5.5960001945495605,2552500
337,734437,5.751999855041504,4347000
338,734438,5.973999977111816,6320000
339,734441,5.874000072479248,5670000
340,734442,5.776000022888184,3176000
341,734443,5.742000102996826,4376500
342,734444,6.492000102996826,12548500
343,734445,6.461999893188477,15164500
344,734448,6.254000186920166,6331500
345,734449,6.368000030517578,5839500
346,734450,6.176000118255615,4768500
347,734451,6.265999794006348,3736500
348,734452,6.728000164031982,19341500
349,734455,6.644000053405762,6628500
350,734456,6.785999774932861,4455000
351,734457,6.98799991607666,9166000
352,734458,6.736000061035156,6746500
353,734459,6.519999980926514,4514000
354,734462,6.3520002365112305,5158000
355,734463,6.414000034332275,3663000
356,734464,6.289999961853027,2259000
357,734466,6.331999778747559,1198000
358,734469,6.51200008392334,3406000
359,734470,6.349999904632568,2955500
360,734471,6.547999858856201,3801500
361,734472,6.519999980926514,5151000
362,734473,6.659999847412109,4014000
363,734476,6.883999824523926,5800500
364,734477,6.973999977111816,4759000
365,734478,6.8379998207092285,3371500
366,734479,6.177999973297119,16529000
367,734480,6.208000183105469,6197500
368,734483,6.081999778747559,3793500
369,734484,5.889999866485596,4970500
370,734485,5.705999851226807,5819500
371,734486,5.723999977111816,3501500
372,734487,5.599999904632568,5148500
373,734490,5.550000190734863,4935000
374,734491,5.579999923706055,4216500
375,734492,5.513999938964844,8527500
376,734493,5.553999900817871,5047000
377,734494,5.579999923706055,2957000
378,734498,5.714000225067139,3887500
379,734499,5.702000141143799,2876000
380,734500,5.745999813079834,2441000
381,734501,5.711999893188477,1699000
382,734505,5.616000175476074,4640500
383,734506,5.541999816894531,3150500
384,734507,5.423999786376953,5027500
385,734508,5.381999969482422,4931500
386,734511,5.449999809265137,4485000
387,734512,5.52400016784668,3359000
388,734513,5.645999908447266,3361500
389,734514,5.650000095367432,3646500
390,734515,4.558000087738037,27502000
391,734519,5.320000171661377,23258000
392,734520,5.361999988555908,6301000
393,734521,5.3520002365112305,6231500
394,734522,5.320000171661377,3311500
395,734525,5.354000091552734,2973000
396,734526,5.484000205993652,4290000
397,734527,5.593999862670898,3056000
398,734528,5.788000106811523,6355500
399,734529,5.866000175476074,3742000
400,734532,5.914000034332275,3645000
401,734533,5.814000129699707,4782000
402,734534,5.915999889373779,2616000
403,734535,6.050000190734863,4028500
404,734536,6.230000019073486,3822500
405,734539,6.360000133514404,3260500
406,734540,6.320000171661377,5108000
407,734541,6.386000156402588,3118500
408,734542,6.515999794006348,6385500
409,734543,6.21999979019165,9371000
410,734546,6.297999858856201,5789500
411,734547,6.633999824523926,9054000
412,734548,6.71999979019165,13809000
413,734549,6.835999965667725,11098500
414,734550,6.99399995803833,6883500
415,734554,6.900000095367432,5679000
416,734555,6.843999862670898,8273000
417,734556,6.906000137329102,4102000
418,734557,6.75,4799500
419,734560,6.723999977111816,3030000
420,734561,6.76200008392334,3061000
421,734562,6.682000160217285,2678500
422,734563,6.881999969482422,3517500
423,734564,6.808000087738037,2750000
424,734567,6.754000186920166,2335000
425,734568,6.622000217437744,2869000
426,734569,6.624000072479248,1824500
427,734570,6.613999843597412,3166500
428,734571,6.947999954223633,7767000
429,734574,7.202000141143799,9816500
430,734575,7.2179999351501465,5008000
431,734576,7.058000087738037,4257500
432,734577,7.0,2858000
433,734578,7.064000129699707,3646500
434,734581,6.995999813079834,5078000
435,734582,6.992000102996826,2835000
436,734583,7.03000020980835,3036000
437,734584,6.880000114440918,2612000
438,734585,6.815999984741211,5853000
439,734588,7.480000019073486,15702500
440,734589,7.5879998207092285,12696000
441,734590,7.570000171661377,4775000
442,734591,7.466000080108643,3982000
443,734592,7.447999954223633,4432000
444,734595,7.315999984741211,5143000
445,734596,7.6020002365112305,5490500
446,734597,7.0,22409000
447,734598,6.895999908447266,7547000
448,734602,6.630000114440918,8278500
449,734603,6.492000102996826,9238500
450,734604,6.618000030517578,5527500
451,734605,6.688000202178955,5169500
452,734606,6.7179999351501465,3248000
453,734609,6.449999809265137,5498000
454,734610,6.447999954223633,5577500
455,734611,6.5320000648498535,4115500
456,734612,6.631999969482422,3874500
457,734613,6.631999969482422,4109000
458,734616,6.388000011444092,4454000
459,734617,6.363999843597412,3372500
460,734618,6.581999778747559,3561000
461,734619,6.697999954223633,2126500
462,734620,6.668000221252441,2955000
463,734623,6.625999927520752,2069500
464,734624,6.75600004196167,3295000
465,734625,6.788000106811523,2486500
466,734626,6.492000102996826,4206500
467,734627,6.366000175476074,6237500
468,734630,6.49399995803833,5790000
469,734631,6.038000106811523,15486000
470,734632,6.01200008392334,9739500
471,734633,6.5920000076293945,27781500
472,734634,6.449999809265137,6106500
473,734637,6.01200008392334,6904500
474,734638,5.886000156402588,7928500
475,734639,5.835999965667725,6285500
476,734640,5.714000225067139,5745000
477,734641,5.51200008392334,8082500
478,734644,5.754000186920166,7376000
479,734645,6.159999847412109,11831000
480,734646,6.203999996185303,6102000
481,734647,6.056000232696533,5378000
482,734648,5.961999893188477,3785000
483,734652,6.3379998207092285,8250000
484,734653,6.081999778747559,6536000
485,734654,5.900000095367432,5593500
486,734655,5.630000114440918,4429000
487,734658,5.576000213623047,5154500
488,734659,5.581999778747559,3154500
489,734660,5.843999862670898,4549500
490,734661,5.785999774932861,2460500
491,734662,6.015999794006348,4405500
492,734665,5.823999881744385,3180000
493,734666,5.932000160217285,2845000
494,734667,5.953999996185303,4220500
495,734668,5.877999782562256,4361000
496,734669,5.98199987411499,3234000
497,734672,6.368000030517578,6284000
498,734673,6.418000221252441,4555500
499,734674,6.75600004196167,17112000
500,734675,6.438000202178955,9459500
501,734676,6.757999897003174,15233000
502,734679,6.622000217437744,7492500
503,734680,6.322000026702881,13069500
504,734681,6.392000198364258,5236000
505,734682,6.2820000648498535,4570500
506,734683,6.257999897003174,5629000
507,734686,6.079999923706055,6578000
508,734687,6.131999969482422,4735000
509,734689,6.245999813079834,6269000
510,734690,6.197999954223633,3922500
511,734693,6.297999858856201,4552500
512,734694,6.254000186920166,3792000
513,734695,6.302000045776367,3193000
514,734696,6.539999961853027,5628500
515,734697,6.849999904632568,6524000
516,734700,7.191999912261963,8720000
517,734701,6.670000076293945,12846500
518,734702,6.429999828338623,14409500
519,734703,6.453999996185303,7179500
520,734704,6.357999801635742,7842500
521,734707,6.131999969482422,6934000
522,734708,5.9679999351501465,7501500
523,734709,5.789999961853027,14211000
524,734710,5.625999927520752,11311500
525,734711,5.9019999504089355,8365000
526,734714,5.46999979019165,10326000
527,734715,5.484000205993652,7875500
528,734716,5.25,7961500
529,734717,5.21999979019165,6525500
530,734718,5.453999996185303,6047500
531,734721,5.6539998054504395,7641000
532,734722,6.050000190734863,11936000
533,734723,5.817999839782715,6544500
534,734724,5.881999969482422,3363000
535,734725,5.98799991607666,3537000
536,734728,6.234000205993652,4350500
537,734729,5.883999824523926,3967000
538,734730,5.880000114440918,2627000
539,734731,6.059999942779541,3345000
540,734732,6.001999855041504,2541000
541,734735,5.9019999504089355,5895500
542,734736,5.822000026702881,3808000
543,734737,5.989999771118164,3877500
544,734738,6.145999908447266,7355000
545,734739,5.900000095367432,7147000
546,734742,5.664000034332275,6752000
547,734743,5.73799991607666,7013500
548,734744,5.682000160217285,4194500
549,734745,5.682000160217285,3282000
550,734746,5.703999996185303,2699000
551,734750,5.627999782562256,3762500
552,734751,5.5879998207092285,3196500
553,734752,5.710000038146973,4208500
554,734753,5.869999885559082,4766000
555,734756,5.473999977111816,7416500
556,734757,5.559999942779541,5074500
557,734758,5.656000137329102,5726000
558,734759,5.895999908447266,7423500
559,734760,6.078000068664551,7683000
560,734763,6.507999897003174,16064000
561,734764,6.26800012588501,8942500
562,734765,6.210000038146973,5242500
563,734766,6.179999828338623,4562000
564,734767,6.004000186920166,9350000
565,734770,6.131999969482422,6509500
566,734771,5.5320000648498535,28402000
567,734772,5.507999897003174,7636000
568,734773,5.697999954223633,8793000
569,734774,5.855999946594238,21717000
570,734777,5.831999778747559,4422000
571,734778,5.960000038146973,3645000
572,734779,5.860000133514404,5264000
573,734780,5.880000114440918,7706500
574,734781,5.7779998779296875,4693000
575,734784,5.849999904632568,4448500
576,734785,5.673999786376953,5965000
577,734786,5.679999828338623,2518000
578,734787,5.664000034332275,2253000
579,734788,5.5279998779296875,4938000
580,734791,5.466000080108643,7343500
581,734792,5.611999988555908,2396500
582,734793,5.763999938964844,3340000
583,734794,5.607999801635742,3705000
584,734795,5.547999858856201,5137000
585,734798,5.570000171661377,2351000
586,734799,5.677999973297119,3745000
587,734800,5.484000205993652,5082000
588,734801,5.504000186920166,2888500
589,734802,5.47599983215332,2387000
590,734807,5.625999927520752,3876000
591,734808,5.849999904632568,5120500
592,734809,5.783999919891357,5151500
593,734812,6.300000190734863,10244500
594,734813,6.230000019073486,11620000
595,734814,6.308000087738037,8572500
596,734815,6.26200008392334,6370000
597,734816,6.064000129699707,4315000
598,734819,6.214000225067139,2779500
599,734820,6.322000026702881,4991500
600,734821,6.276000022888184,4356500
601,734822,6.164000034332275,4920000
602,734823,6.368000030517578,4543500
603,734826,6.584000110626221,6962000
604,734827,6.599999904632568,4612500
605,734828,6.49399995803833,4816000
606,734830,6.426000118255615,2151500
607,734833,6.453999996185303,2479000
608,734834,6.429999828338623,4554000
609,734835,6.645999908447266,7626000
610,734836,6.73799991607666,5517000
611,734837,6.763999938964844,7101500
612,734840,6.923999786376953,10428500
613,734841,6.78000020980835,6316500
614,734842,6.742000102996826,3307500
615,734843,6.78000020980835,3302000
616,734844,6.834000110626221,3322000
617,734847,6.914000034332275,4649000
618,734848,7.056000232696533,7863000
619,734849,7.052000045776367,10319000
620,734850,6.7220001220703125,10756500
621,734851,6.76200008392334,5115000
622,734854,6.880000114440918,4124500
623,734855,6.918000221252441,7769500
624,734856,6.921999931335449,6494000
625,734857,6.886000156402588,4606000
626,734858,6.800000190734863,7462000
627,734861,6.855999946594238,1879000
628,734863,6.7179999351501465,3007000
629,734864,6.73799991607666,2805500
630,734865,6.644000053405762,2070500
631,734868,6.77400016784668,2974500
632,734870,7.072000026702881,5974000
633,734871,6.953999996185303,3710000
634,734872,6.880000114440918,3370000
635,734875,6.868000030517578,2210000
636,734876,6.736000061035156,6420000
637,734877,6.728000164031982,3490000
638,734878,6.705999851226807,4612500
639,734879,6.581999778747559,7816000
640,734882,6.6519999504089355,4625500
641,734883,6.78000020980835,8121000
642,734884,6.820000171661377,6891000
643,734885,6.875999927520752,7183500
644,734886,6.9039998054504395,17775500
645,734890,7.038000106811523,9601000
646,734891,7.199999809265137,7821500
647,734892,7.3979997634887695,9852000
648,734893,7.395999908447266,6439000
649,734896,7.605999946594238,9930000
650,734897,7.590000152587891,7133000
651,734898,7.504000186920166,4840500
652,734899,7.501999855041504,4507000
653,734900,7.659999847412109,5503000
654,734903,7.547999858856201,5640000
655,734904,7.625999927520752,6551000
656,734905,7.834000110626221,9466000
657,734906,7.895999908447266,5983000
658,734907,7.8480000495910645,5699000
659,734910,7.684000015258789,16331500
660,734911,7.578000068664551,11306500
661,734912,7.690000057220459,4834000
662,734913,7.6539998054504395,4953500
663,734914,7.4079999923706055,10088000
664,734918,7.855999946594238,13507000
665,734919,7.708000183105469,15610000
666,734920,7.0320000648498535,45189000
667,734921,7.2220001220703125,12736500
668,734924,6.875999927520752,14447000
669,734925,6.886000156402588,13814500
670,734926,7.019999980926514,9796000
671,734927,6.966000080108643,9824500
672,734928,6.929999828338623,7733000
673,734931,7.116000175476074,8788500
674,734932,7.329999923706055,10435000
675,734933,7.538000106811523,5750000
676,734934,7.645999908447266,5791500
677,734935,7.693999767303467,4560500
678,734938,7.820000171661377,7897500
679,734939,7.823999881744385,6375500
680,734940,7.796000003814697,4110000
681,734941,7.369999885559082,10105000
682,734942,7.058000087738037,16398000
683,734945,7.03000020980835,6580500
684,734946,7.015999794006348,5492500
685,734947,7.190000057220459,7115000
686,734948,7.202000141143799,5731500
687,734949,7.323999881744385,2201000
688,734952,7.50600004196167,11894000
689,734953,7.572000026702881,9041000
690,734954,7.631999969482422,6481500
691,734955,7.578000068664551,5793500
692,734959,8.78600025177002,70492500
693,734960,8.868000030517578,33262000
694,734961,8.220000267028809,28218000
695,734962,8.402000427246094,11324000
696,734963,8.27400016784668,7762000
697,734966,8.366000175476074,8395000
698,734967,8.100000381469727,8480500
699,734968,8.371999740600586,10605500
700,734969,8.718000411987305,17237000
701,734970,8.75,15747000
702,734973,8.65999984741211,8407000
703,734974,9.118000030517578,15902000
704,734975,9.09000015258789,10592500
705,734976,9.394000053405762,16839500
706,734977,9.565999984741211,15058500
707,734980,10.038000106811523,19697000
708,734981,10.20199966430664,18669000
709,734982,10.086000442504883,13150000
710,734983,10.399999618530273,13979500
711,734984,10.239999771118164,18110500
712,734987,10.98799991607666,18198500
713,734988,10.79800033569336,27613000
714,734989,10.656000137329102,13714000
715,734990,10.821999549865723,15252000
716,734991,10.90999984741211,16893500
717,734994,11.899999618530273,21833500
718,734995,11.10200023651123,49955000
719,734996,11.157999992370605,33849500
720,734997,13.880000114440918,143025000
721,734998,15.35200023651123,125413000
722,735001,17.559999465942383,112084500
723,735002,16.648000717163086,185819500
724,735003,16.968000411987305,84393500
725,735004,18.450000762939453,108070000
726,735005,18.299999237060547,95011000
727,735008,17.988000869750977,41742000
728,735009,17.51799964904785,44991000
729,735010,17.447999954223633,42840000
730,735011,18.54599952697754,60111000
731,735012,19.416000366210938,80621000
732,735016,22.06599998474121,98459500
733,735017,20.926000595092773,125497500
734,735018,20.989999771118164,80668500
735,735019,19.552000045776367,75860000
736,735022,18.51799964904785,95698000
737,735023,18.968000411987305,44280500
738,735024,19.073999404907227,61124000
739,735025,19.469999313354492,47554500
740,735026,20.408000946044922,53558000
741,735029,20.010000228881836,46143000
742,735030,18.893999099731445,36970000
743,735031,19.54599952697754,45963500
744,735032,19.63599967956543,29808000
745,735033,20.059999465942383,32823500
746,735036,20.440000534057617,35331000
747,735037,20.67799949645996,43976500
748,735038,20.93600082397461,42894500
749,735039,20.1299991607666,50532500
750,735040,19.90999984741211,58593000
751,735043,20.29800033569336,35599000
752,735044,20.479999542236328,29243500
753,735045,21.143999099731445,33013000
754,735046,21.850000381469727,43724500
755,735047,21.472000122070312,28743000
756,735050,23.43600082397461,54518000
757,735051,23.56399917602539,60320500
758,735052,23.04800033569336,24033500
759,735054,24.01799964904785,34093500
760,735057,24.32200050354004,39071000
761,735058,24.690000534057617,43016500
762,735059,24.45400047302246,28000500
763,735060,25.121999740600586,37418000
764,735061,25.979999542236328,56720000
765,735064,25.45199966430664,49612000
766,735065,21.809999465942383,161859500
767,735066,24.049999237060547,130145000
768,735067,23.805999755859375,56990500
769,735068,23.93600082397461,29451500
770,735071,24.486000061035156,48989000
771,735072,24.54800033569336,38682000
772,735073,24.34000015258789,34345000
773,735074,24.81399917602539,26421500
774,735075,25.878000259399414,48165500
775,735078,26.923999786376953,48394500
776,735079,26.347999572753906,65635000
777,735080,26.856000900268555,31758500
778,735081,27.110000610351562,26618000
779,735082,27.600000381469727,31349500
780,735085,28.93600082397461,51003500
781,735086,28.43000030517578,46272500
782,735087,26.84600067138672,91061000
783,735088,30.695999145507812,136234000
784,735089,30.600000381469727,44638500
785,735092,29.47599983215332,74561000
786,735093,29.086000442504883,43744500
787,735094,27.871999740600586,58469000
788,735095,27.93400001525879,50896000
789,735096,28.399999618530273,35540500
790,735099,28.979999542236328,40188500
791,735100,29.916000366210938,32091000
792,735101,29.57200050354004,31331500
793,735102,31.420000076293945,52962000
794,735103,32.36800003051758,64659500
795,735106,32.84400177001953,120855500
796,735107,33.402000427246094,87834500
797,735108,33.290000915527344,73700500
798,735109,33.21200180053711,47180000
799,735110,33.79999923706055,55142000
800,735114,33.78799819946289,60305500
801,735115,34.124000549316406,57378500
802,735116,33.986000061035156,33426500
803,735117,33.39400100708008,43098500
804,735120,32.13999938964844,71722500
805,735121,33.27399826049805,44839000
806,735122,32.70399856567383,29162500
807,735123,32.986000061035156,30800000
808,735124,33.108001708984375,27006000
809,735127,33.316001892089844,37874500
810,735128,33.24599838256836,27484500
811,735129,33.24399948120117,27198500
812,735130,35.58399963378906,77973000
813,735131,36.678001403808594,67008500
814,735134,36.22200012207031,40867000
815,735135,36.465999603271484,31367000
816,735136,37.04800033569336,41263500
817,735137,37.72800064086914,33072000
818,735138,38.18000030517578,29582000
819,735141,38.67399978637695,44623500
820,735142,38.599998474121094,38779500
821,735143,36.189998626708984,103877000
822,735144,34.6619987487793,119082500
823,735145,36.19599914550781,72070000
824,735148,36.61399841308594,57428000
825,735149,34.94599914550781,68786000
826,735150,33.75600051879883,76582500
827,735151,34.58599853515625,44419500
828,735152,35.7400016784668,41555500
829,735155,35.944000244140625,38848000
830,735156,36.78799819946289,54892500
831,735157,36.71200180053711,41027000
832,735158,36.560001373291016,33525000
833,735159,36.68000030517578,29654000
834,735162,34.52000045776367,57660500
835,735163,34.30799865722656,56933500
836,735164,32.900001525878906,66602000
837,735165,34.630001068115234,54128500
838,735166,33.93199920654297,37977500
839,735169,32.571998596191406,39208500
840,735170,32.89400100708008,70558500
841,735171,31.8439998626709,42009000
842,735172,31.988000869750977,46669000
843,735173,32.433998107910156,35903000
844,735176,35.040000915527344,65602000
845,735177,35.36199951171875,112335500
846,735178,30.23200035095215,155358500
847,735179,27.95400047302246,111423500
848,735180,27.59000015258789,112389500
849,735183,28.940000534057617,69988000
850,735184,27.559999465942383,74926000
851,735185,27.739999771118164,63291500
852,735186,27.520000457763672,61018500
853,735187,27.09000015258789,49501000
854,735190,24.31599998474121,115691000
855,735191,25.218000411987305,99081000
856,735192,24.222000122070312,69248000
857,735193,24.420000076293945,59519000
858,735194,24.275999069213867,55483500
859,735197,24.167999267578125,51336500
860,735198,24.100000381469727,69427500
861,735199,25.38800048828125,61838000
862,735201,25.45599937438965,48581000
863,735204,24.833999633789062,38756000
864,735205,28.940000534057617,128412000
865,735206,27.790000915527344,65738500
866,735207,28.09600067138672,46442000
867,735208,27.472000122070312,39548000
868,735211,28.31999969482422,45307500
869,735212,28.437999725341797,53741000
870,735213,27.93000030517578,35689000
871,735214,29.493999481201172,53839000
872,735215,29.530000686645508,52959500
873,735218,29.58799934387207,33376500
874,735219,30.492000579833984,52475000
875,735220,29.59600067138672,57909500
876,735221,28.143999099731445,63700000
877,735222,28.648000717163086,37063000
878,735225,28.709999084472656,26927500
879,735226,30.281999588012695,49707500
880,735228,31.100000381469727,35647500
881,735229,30.224000930786133,27301000
882,735232,30.488000869750977,22337500
883,735233,30.086000442504883,21312000
884,735235,30.020000457763672,30942000
885,735236,29.91200065612793,23475000
886,735239,29.399999618530273,26805500
887,735240,29.871999740600586,25170500
888,735241,30.256000518798828,30816000
889,735242,29.506000518798828,26910000
890,735243,29.143999099731445,37230500
891,735246,27.868000030517578,31580500
892,735247,32.25400161743164,138035000
893,735248,32.82600021362305,102328000
894,735249,34.194000244140625,59797000
895,735250,34.00199890136719,46031000
896,735254,35.33599853515625,48673500
897,735255,35.71200180053711,35113000
898,735256,36.29999923706055,39337000
899,735257,34.91999816894531,38321500
900,735260,33.92399978637695,43582000
901,735261,35.67599868774414,30467000
902,735262,35.04600143432617,29677500
903,735263,36.56800079345703,42825000
904,735264,36.28200149536133,32544000
905,735267,35.422000885009766,33824500
906,735268,35.74599838256836,23431500
907,735269,34.88399887084961,36340000
908,735270,35.67599868774414,29208000
909,735271,37.305999755859375,44642500
910,735274,39.3120002746582,64853500
911,735275,39.32400131225586,53549500
912,735276,39.06399917602539,25868500
913,735277,39.92599868774414,40146500
914,735278,39.645999908447266,30790000
915,735282,40.7400016784668,46664000
916,735283,38.72800064086914,80845000
917,735284,41.99399948120117,90011500
918,735285,41.91999816894531,39094000
919,735288,43.529998779296875,41392000
920,735289,49.599998474121094,163408500
921,735290,50.599998474121094,123023000
922,735291,50.507999420166016,89729000
923,735292,48.96200180053711,72949000
924,735295,50.11199951171875,65446500
925,735296,50.96799850463867,43728000
926,735297,50.53200149536133,29678500
927,735298,50.5880012512207,36805500
928,735299,49.242000579833984,39061500
929,735302,47.768001556396484,38640500
930,735303,46.88199996948242,44050500
931,735304,48.29800033569336,48772000
932,735305,47.55799865722656,31181500
933,735306,46.194000244140625,41448500
934,735309,46.79600143432617,29563000
935,735310,48.007999420166016,31211500
936,735311,47.167999267578125,25356500
937,735312,46.981998443603516,19089500
938,735313,45.77799987792969,41084500
939,735316,44.034000396728516,56644000
940,735317,44.0880012512207,39327000
941,735318,42.59199905395508,34536500
942,735319,41.4640007019043,47478500
943,735320,42.4739990234375,48424000
944,735323,41.689998626708984,41900000
945,735324,43.39400100708008,36857000
946,735325,46.05799865722656,53911500
947,735326,45.08000183105469,54618500
948,735327,42.44599914550781,56728000
949,735330,41.50400161743164,49277500
950,735331,43.09199905395508,34446500
951,735332,43.38600158691406,25789500
952,735333,40.8380012512207,36057500
953,735334,40.75600051879883,45336000
954,735337,39.61800003051758,38515000
955,735338,38.78200149536133,68296500
956,735339,39.821998596191406,36011000
957,735340,39.624000549316406,29634000
958,735344,40.875999450683594,26291000
959,735345,43.72800064086914,49023500
960,735346,41.597999572753906,36478000
961,735347,41.571998596191406,27476000
962,735348,39.970001220703125,34983500
963,735351,39.70199966430664,35210000
964,735352,41.38399887084961,28895500
965,735353,41.577999114990234,22203000
966,735354,41.54600143432617,27199500
967,735355,42.18199920654297,20434000
968,735358,43.321998596191406,25735000
969,735359,41.45600128173828,28183500
970,735360,40.27000045776367,50896500
971,735361,35.71799850463867,100283000
972,735362,36.45199966430664,42476000
973,735365,36.933998107910156,35011500
974,735366,38.03200149536133,35486000
975,735367,38.124000549316406,27033500
976,735368,37.71799850463867,30202000
977,735369,38.3120002746582,22438500
978,735372,39.21799850463867,22858500
979,735373,39.060001373291016,27730500
980,735374,39.88999938964844,26427000
981,735375,40.97600173950195,31072500
982,735376,41.459999084472656,20034000
983,735380,42.3120002746582,26705500
984,735381,42.04800033569336,27475500
985,735382,42.04800033569336,18462500
986,735383,41.55400085449219,27905500
987,735386,40.939998626708984,23340500
988,735387,40.987998962402344,19304000
989,735388,40.79800033569336,17137000
990,735389,41.380001068115234,20273000
991,735390,41.63399887084961,15369000
992,735393,41.0620002746582,14028500
993,735394,40.459999084472656,17573500
994,735395,40.89400100708008,19887500
995,735396,40.70399856567383,29968500
996,735397,41.284000396728516,17721500
997,735400,44.922000885009766,66232000
998,735401,46.33399963378906,66524500
999,735402,45.42399978637695,34701000
1000,735403,45.55799865722656,43965500
1001,735404,45.917999267578125,24519500
1002,735407,47.444000244140625,38955500
1003,735408,46.5,40379500
1004,735409,47.37799835205078,29008000
1005,735410,47.119998931884766,25607000
1006,735411,47.8120002746582,28175000
1007,735414,48.012001037597656,24143000
1008,735415,47.944000244140625,21680500
1009,735416,45.88600158691406,40137000
1010,735417,45.849998474121094,25833500
1011,735421,44.53200149536133,29468500
1012,735422,43.81399917602539,39181000
1013,735423,44.61199951171875,20577000
1014,735424,43.891998291015625,24319500
1015,735425,43.625999450683594,16511500
1016,735428,45.34000015258789,36016000
1017,735429,43.91600036621094,28592500
1018,735430,43.43199920654297,20222500
1019,735431,43.08000183105469,23247000
1020,735432,44.00400161743164,21268500
1021,735435,44.108001708984375,19111000
1022,735436,43.91600036621094,13650000
1023,735437,44.49800109863281,15416500
1024,735438,44.70800018310547,16227500
1025,735439,44.7140007019043,15435500
1026,735442,44.9640007019043,32571500
1027,735443,45.00199890136719,16912000
1028,735444,45.784000396728516,24639000
1029,735445,44.65999984741211,38745500
1030,735446,46.65399932861328,59479000
1031,735449,47.70399856567383,29798500
1032,735450,47.698001861572266,26943000
1033,735451,49.7859992980957,46246500
1034,735452,50.47800064086914,37394500
1035,735453,49.625999450683594,25450500
1036,735456,51.86399841308594,40506500
1037,735457,51.992000579833984,31911500
1038,735458,52.0620002746582,34663000
1039,735459,52.2760009765625,20633000
1040,735460,52.402000427246094,19339500
1041,735463,51.987998962402344,29246000
1042,735464,51.35200119018555,26674000
1043,735465,51.141998291015625,15139500
1044,735466,50.86800003051758,14578000
1045,735467,51.35599899291992,14167000
1046,735470,52.5099983215332,21590500
1047,735471,52.347999572753906,19090000
1048,735472,52.650001525878906,14925500
1049,735473,52.77199935913086,14224500
1050,735474,53.939998626708984,32235500
1051,735478,56.82400131225586,49262000
1052,735479,56.237998962402344,33861500
1053,735480,57.20800018310547,41708500
1054,735481,55.47800064086914,55849500
1055,735484,56.422000885009766,27508000
1056,735485,55.69599914550781,22794000
1057,735486,56.220001220703125,18906500
1058,735487,56.0620002746582,18830500
1059,735488,55.84000015258789,16623000
1060,735491,50.77199935913086,82277000
1061,735492,52.14799880981445,41500500
1062,735493,52.2760009765625,25888500
1063,735494,52.763999938964844,18463000
1064,735495,51.86399841308594,34054500
1065,735498,50.00600051879883,41070500
1066,735499,50.082000732421875,28293500
1067,735500,50.428001403808594,18747500
1068,735501,49.38999938964844,24171000
1069,735502,49.31999969482422,18977000
1070,735505,49.051998138427734,24263500
1071,735506,48.5359992980957,21191500
1072,735507,48.04800033569336,29708500
1073,735508,50.284000396728516,44991000
1074,735509,51.04199981689453,27031500
1075,735512,52.124000549316406,38566500
1076,735513,51.91400146484375,22427500
1077,735514,51.85599899291992,25275500
1078,735515,51.402000427246094,36806500
1079,735516,47.38199996948242,64441500
1080,735519,44.917999267578125,56343500
1081,735520,45.4119987487793,35526500
1082,735521,45.939998626708984,45736500
1083,735522,45.27000045776367,26996500
1084,735523,45.49599838256836,52747000
1085,735526,46.09400177001953,17472000
1086,735527,47.06800079345703,20651500
1087,735528,46.220001220703125,20583000
1088,735529,47.05799865722656,17462000
1089,735530,47.04800033569336,17316500
1090,735533,44.33399963378906,47766500
1091,735534,48.55400085449219,52581500
1092,735535,47.619998931884766,24812500
1093,735536,47.731998443603516,16142000
1094,735537,48.34000015258789,18876500
1095,735540,48.518001556396484,21019000
1096,735541,47.7859992980957,18413000
1097,735542,46.194000244140625,45229500
1098,735543,48.24399948120117,76773500
1099,735544,48.040000915527344,25805000
1100,735547,48.38600158691406,22886000
1101,735548,50.215999603271484,39744000
1102,735549,49.81999969482422,29354000
1103,735550,50.34000015258789,31180000
1104,735551,51.736000061035156,30505500
1105,735554,50.79600143432617,20128500
1106,735555,51.540000915527344,22365000
1107,735556,49.54800033569336,39592500
1108,735557,49.742000579833984,17936000
1109,735558,48.555999755859375,37425500
1110,735561,49.34400177001953,23948500
1111,735562,49.61800003051758,15799000
1112,735563,49.6879997253418,9906000
1113,735565,48.90399932861328,10598500
1114,735568,46.327999114990234,43097000
1115,735569,46.2859992980957,29435000
1116,735570,45.86000061035156,26538500
1117,735571,45.65599822998047,19278000
1118,735572,44.742000579833984,30318000
1119,735575,42.87200164794922,46128000
1120,735576,43.37799835205078,47157500
1121,735577,41.96799850463867,36570500
1122,735578,41.7760009765625,33472000
1123,735579,41.400001525878906,35869000
1124,735582,40.80799865722656,26091500
1125,735583,39.5620002746582,42130500
1126,735584,41.16400146484375,36839000
1127,735585,43.652000427246094,37416500
1128,735586,43.858001708984375,34552500
1129,735589,44.52000045776367,23997000
1130,735590,44.194000244140625,22528500
1131,735591,44.45199966430664,6661000
1132,735593,45.56399917602539,16635000
1133,735596,45.141998291015625,14012500
1134,735597,44.44599914550781,14516000
1135,735598,44.481998443603516,11487500
1136,735600,43.86199951171875,23822000
1137,735603,42.018001556396484,26842500
1138,735604,42.25600051879883,31309500
1139,735605,42.189998626708984,14842000
1140,735606,42.124000549316406,17212500
1141,735607,41.332000732421875,23341500
1142,735610,40.44200134277344,29751500
1143,735611,40.849998474121094,22386500
1144,735612,38.53799819946289,57759500
1145,735613,38.374000549316406,26082500
1146,735614,38.61399841308594,18016000
1147,735618,38.38600158691406,22516000
1148,735619,39.31399917602539,20765000
1149,735620,40.32400131225586,20584500
1150,735621,40.257999420166016,17193000
1151,735624,41.310001373291016,16172500
1152,735625,41.19599914550781,13905000
1153,735626,39.874000549316406,15748000
1154,735627,41.040000915527344,17740500
1155,735628,40.720001220703125,15035000
1156,735631,42.1879997253418,20746000
1157,735632,43.672000885009766,24131000
1158,735633,43.709999084472656,16527000
1159,735634,44.198001861572266,17614500
1160,735635,43.47200012207031,16219500
1161,735638,43.49599838256836,17362000
1162,735639,43.257999420166016,26952500
1163,735640,42.560001373291016,48845500
1164,735641,40.57600021362305,78248000
1165,735642,40.75400161743164,30955000
1166,735646,40.869998931884766,19898000
1167,735647,40.891998291015625,13568000
1168,735648,42.34199905395508,25770500
1169,735649,43.422000885009766,29910500
1170,735652,41.46799850463867,42499000
1171,735653,40.821998596191406,33018000
1172,735654,40.75199890136719,19547500
1173,735655,41.4379997253418,32364500
1174,735656,40.667999267578125,19410500
1175,735659,39.465999603271484,39610500
1176,735660,39.9119987487793,22161500
1177,735661,40.487998962402344,21110000
1178,735662,40.125999450683594,24385000
1179,735663,38.7760009765625,33562000
1180,735666,38.17599868774414,33683500
1181,735667,38.06399917602539,27898500
1182,735668,38.74800109863281,24874500
1183,735669,38.2140007019043,20746500
1184,735670,37.736000061035156,27171500
1185,735673,39.13999938964844,28144000
1186,735674,38.94599914550781,24470500
1187,735675,40.141998291015625,24104500
1188,735676,39.130001068115234,42376000
1189,735677,39.61600112915039,21347500
1190,735680,39.92599868774414,13158000
1191,735681,40.34400177001953,18249500
1192,735682,38.86000061035156,28652000
1193,735683,38.082000732421875,20640000
1194,735684,37.0,43024500
1195,735687,38.11399841308594,50447500
1196,735688,37.75400161743164,25133000
1197,735689,37.518001556396484,18973000
1198,735690,38.20000076293945,25052000
1199,735694,40.619998931884766,62279000
1200,735695,40.650001525878906,21739500
1201,735696,41.534000396728516,31515500
1202,735697,42.018001556396484,19001000
1203,735698,42.18000030517578,20338500
1204,735701,41.95600128173828,18791000
1205,735702,41.492000579833984,15130000
1206,735703,41.566001892089844,9762000
1207,735704,41.34000015258789,8295500
1208,735705,41.358001708984375,12349500
1209,735708,41.05400085449219,12796500
1210,735709,41.88199996948242,17162500
1211,735710,43.88800048828125,39315000
1212,735711,43.720001220703125,22056000
1213,735712,43.68600082397461,12139000
1214,735715,46.310001373291016,58363000
1215,735716,46.09600067138672,30427000
1216,735717,46.4900016784668,19680500
1217,735718,45.209999084472656,19559500
1218,735719,45.20600128173828,26408500
1219,735722,46.10200119018555,22173000
1220,735723,46.59000015258789,28984500
1221,735724,46.08599853515625,26354500
1222,735725,47.36000061035156,47279500
1223,735726,47.321998596191406,23341000
1224,735729,47.89799880981445,28361500
1225,735730,48.948001861572266,31817000
1226,735731,48.63600158691406,27201000
1227,735732,48.81999969482422,14479500
1228,735733,49.768001556396484,22638000
1229,735736,49.75,16766000
1230,735737,49.428001403808594,18371000
1231,735738,48.869998931884766,18778000
1232,735739,49.124000549316406,9853000
1233,735740,49.54600143432617,11115500
1234,735744,49.492000579833984,17493500
1235,735745,49.486000061035156,17041000
1236,735746,50.290000915527344,18236500
1237,735747,50.15999984741211,18946500
1238,735750,49.88999938964844,12525500
1239,735751,49.66999816894531,10674000
1240,735752,49.79800033569336,8907500
1241,735753,49.183998107910156,12268000
1242,735754,49.827999114990234,15110000
1243,735757,51.257999420166016,25085000
1244,735758,51.20000076293945,13055500
1245,735759,50.13999938964844,17272500
1246,735760,50.28200149536133,10220500
1247,735761,50.13800048828125,7111500
1248,735764,50.07600021362305,10931000
1249,735765,50.624000549316406,9923500
1250,735766,52.082000732421875,27564500
1251,735767,52.37799835205078,13913500
1252,735768,52.50199890136719,12315000
1253,735771,51.95800018310547,22805500
1254,735772,53.534000396728516,19354000
1255,735773,53.034000396728516,12061500
1256,735774,53.757999420166016,14246000
1257,735775,53.417999267578125,19192000
1258,735778,52.40399932861328,17394500
1259,735779,53.652000427246094,15434500
1260,735780,53.83000183105469,10506000
1261,735781,56.00400161743164,35819500
1262,735785,55.944000244140625,20609500
1263,735786,53.57600021362305,30525500
1264,735787,50.992000579833984,31105500
1265,735788,51.58399963378906,16670500
1266,735789,51.83000183105469,13054500
1267,735792,52.43199920654297,14801500
1268,735793,53.130001068115234,9538000
1269,735794,52.62799835205078,10108000
1270,735795,53.33599853515625,8080000
1271,735796,54.93199920654297,25020500
1272,735799,56.45199966430664,24892500
1273,735800,53.354000091552734,30543500
1274,735801,53.57400131225586,15525000
1275,735802,53.439998626708984,11136000
1276,735803,53.082000732421875,14182500
1277,735806,50.60200119018555,23471000
1278,735807,52.9640007019043,19479000
1279,735808,52.763999938964844,13950500
1280,735809,53.358001708984375,10173000
1281,735810,53.22999954223633,11113000
1282,735813,51.99800109863281,12767500
1283,735814,53.25600051879883,11762500
1284,735815,54.0260009765625,31071500
1285,735816,49.22600173950195,73119000
1286,735817,48.50199890136719,25367000
1287,735820,48.22800064086914,20929500
1288,735821,47.4739990234375,21324500
1289,735822,47.63399887084961,18640000
1290,735823,48.50199890136719,23446000
1291,735824,48.630001068115234,21824000
1292,735827,50.99800109863281,35883500
1293,735828,52.14400100708008,20975000
1294,735829,51.04999923706055,18021500
1295,735830,48.43600082397461,24529000
1296,735831,46.15399932861328,32951000
1297,735834,43.77399826049805,47908000
1298,735835,44.00600051879883,21636500
1299,735836,44.96799850463867,24815000
1300,735837,48.597999572753906,38280000
1301,735838,49.69599914550781,27568500
1302,735841,49.8120002746582,23501000
1303,735842,47.72600173950195,27274000
1304,735843,49.53799819946289,23146000
1305,735844,49.11399841308594,20974000
1306,735845,48.38600158691406,18446000
1307,735849,49.63399887084961,15691000
1308,735850,49.78200149536133,16954000
1309,735851,49.69599914550781,13545000
1310,735852,50.04800033569336,11754000
1311,735855,50.63800048828125,14454500
1312,735856,50.7140007019043,14667500
1313,735857,52.45000076293945,22085500
1314,735858,52.41400146484375,17929000
1315,735859,52.124000549316406,18815500
1316,735862,52.84000015258789,30601000
1317,735863,52.1879997253418,18322000
1318,735864,52.21200180053711,13004000
1319,735865,52.624000549316406,17241000
1320,735866,51.38199996948242,18867000
1321,735869,49.68600082397461,24505500
1322,735870,49.33000183105469,18516000
1323,735871,49.68000030517578,24648000
1324,735872,47.97600173950195,22865000
1325,735873,49.513999938964844,22120000
1326,735876,49.22999954223633,18449500
1327,735877,48.29199981689453,26126000
1328,735878,46.391998291015625,34070000
1329,735879,45.34400177001953,30666000
1330,735880,44.13800048828125,30792000
1331,735883,43.11600112915039,19181500
1332,735884,43.849998474121094,25857500
1333,735885,43.375999450683594,15522000
1334,735886,44.262001037597656,14221000
1335,735887,45.402000427246094,21672500
1336,735890,45.619998931884766,12539500
1337,735891,42.60599899291992,74500000
1338,735892,42.018001556396484,20757500
1339,735893,42.34400177001953,14126000
1340,735894,41.81800079345703,21177500
1341,735897,43.051998138427734,16957000
1342,735898,42.06999969482422,17597000
1343,735899,42.59199905395508,13643000
1344,735900,42.32600021362305,9025000
1345,735901,41.38600158691406,22194500
1346,735904,42.757999420166016,19639500
1347,735905,41.66999816894531,41662500
1348,735906,46.32600021362305,63632000
1349,735907,46.354000091552734,22484000
1350,735908,46.47200012207031,12226500
1351,735911,45.066001892089844,19254500
1352,735912,43.29999923706055,23085000
1353,735913,43.816001892089844,16739000
1354,735914,42.5880012512207,14579500
1355,735915,41.4379997253418,17151500
1356,735918,42.86199951171875,14627000
1357,735919,42.79999923706055,10743500
1358,735920,44.2140007019043,14059500
1359,735921,44.36000061035156,12522000
1360,735922,44.00199890136719,22003500
1361,735925,43.54999923706055,12631000
1362,735926,43.650001525878906,12401500
1363,735927,45.928001403808594,19954000
1364,735929,46.321998596191406,9747000
1365,735932,46.051998138427734,13299000
1366,735933,47.4379997253418,18670000
1367,735934,46.39799880981445,14907500
1368,735935,46.54199981689453,14698000
1369,735936,46.07600021362305,12868000
1370,735939,46.22600173950195,15721000
1371,735940,45.34400177001953,13438000
1372,735941,44.90399932861328,15289000
1373,735942,45.41400146484375,10358500
1374,735943,43.40399932861328,16343500
1375,735946,43.715999603271484,14135500
1376,735947,44.21799850463867,11222000
1377,735948,46.902000427246094,25521500
1378,735949,46.678001403808594,16493000
1379,735950,46.09199905395508,15071000
1380,735953,46.512001037597656,9766000
1381,735954,45.9900016784668,9807500
1382,735955,45.939998626708984,7775000
1383,735956,46.11399841308594,3540000
1384,735960,45.790000915527344,9506500
1385,735961,47.4379997253418,12031500
1386,735962,47.61800003051758,18489500
1387,735963,48.00199890136719,13575000
1388,735967,44.68199920654297,34135500
1389,735968,44.68600082397461,15934000
1390,735969,43.80799865722656,18895500
1391,735970,43.130001068115234,17771500
1392,735971,42.20000076293945,18140500
1393,735974,41.56999969482422,20457000
1394,735975,41.99399948120117,15459500
1395,735976,40.0620002746582,20632000
1396,735977,41.236000061035156,32453500
1397,735978,40.99800109863281,27893000
1398,735982,40.944000244140625,20193500
1399,735983,39.7400016784668,29193000
1400,735984,39.99399948120117,15831000
1401,735985,40.5099983215332,15620500
1402,735988,39.2760009765625,13493500
1403,735989,38.71200180053711,24821000
1404,735990,37.61399841308594,18086000
1405,735991,37.939998626708984,22964000
1406,735992,38.2400016784668,14261500
1407,735995,39.38800048828125,26488000
1408,735996,36.555999755859375,28868000
1409,735997,34.69599914550781,39657000
1410,735998,35.066001892089844,21927000
1411,735999,32.52000045776367,47188000
1412,736002,29.597999572753906,46565000
1413,736003,29.649999618530273,43258000
1414,736004,28.733999252319336,52032500
1415,736005,30.0939998626709,71262000
1416,736006,30.20800018310547,36179000
1417,736010,31.034000396728516,27969000
1418,736011,33.736000061035156,29126000
1419,736012,33.354000091552734,19438000
1420,736013,33.316001892089844,14797000
1421,736016,35.54800033569336,25300500
1422,736017,35.44200134277344,29922000
1423,736018,35.79999923706055,26978000
1424,736019,37.486000061035156,28753500
1425,736020,38.06800079345703,30325500
1426,736023,38.38600158691406,22495000
1427,736024,37.27000045776367,33561000
1428,736025,37.667999267578125,24312000
1429,736026,39.14799880981445,24145000
1430,736027,40.20800018310547,32445500
1431,736030,41.05799865722656,26647000
1432,736031,40.52000045776367,20893500
1433,736032,41.74399948120117,16043000
1434,736033,41.0359992980957,25962500
1435,736034,41.5,16715500
1436,736037,43.029998779296875,20328500
1437,736038,43.667999267578125,15902500
1438,736039,44.38600158691406,17583500
1439,736040,45.2760009765625,18914500
1440,736041,46.54800033569336,23559000
1441,736044,47.66400146484375,26539000
1442,736045,46.847999572753906,21580000
1443,736046,44.51599884033203,24744000
1444,736047,45.54999923706055,24804500
1445,736051,46.051998138427734,19628500
1446,736052,46.0260009765625,20071500
1447,736053,45.37799835205078,20165000
1448,736054,45.95399856567383,40064500
1449,736055,47.518001556396484,79987500
1450,736058,49.39799880981445,67376500
1451,736059,51.09400177001953,49743500
1452,736060,53.08399963378906,58527500
1453,736061,51.439998626708984,44281000
1454,736062,50.013999938964844,36819500
1455,736065,49.98400115966797,45808500
1456,736066,49.56399917602539,28816000
1457,736067,50.90599822998047,24628000
1458,736068,50.37200164794922,20661000
1459,736069,50.902000427246094,18762000
1460,736072,50.7760009765625,21357000
1461,736073,49.4739990234375,31787500
1462,736074,49.99399948120117,25970500
1463,736075,49.65800094604492,13915500
1464,736076,50.75,18931500
1465,736079,50.36399841308594,18351500
1466,736080,50.74800109863281,16119000
1467,736081,50.29399871826172,16029000
1468,736082,49.54199981689453,12595000
1469,736083,48.152000427246094,27069000
1470,736086,48.36000061035156,19219500
1471,736087,46.4640007019043,21511000
1472,736088,44.512001037597656,43502500
1473,736089,42.305999755859375,56274000
1474,736090,42.986000061035156,28426000
1475,736093,41.784000396728516,23882000
1476,736094,41.737998962402344,20353000
1477,736095,41.79199981689453,25809500
1478,736096,41.45600128173828,18252500
1479,736097,41.52199935913086,14114000
1480,736100,41.65800094604492,14747000
1481,736101,40.93199920654297,14218000
1482,736102,42.23400115966797,28087500
1483,736103,43.04199981689453,34331500
1484,736104,44.055999755859375,45035500
1485,736107,43.24399948120117,25512500
1486,736108,43.582000732421875,15069000
1487,736109,43.91600036621094,15634000
1488,736110,45.02399826049805,20362000
1489,736111,44.608001708984375,18251500
1490,736115,44.645999908447266,13945000
1491,736116,43.9119987487793,14913500
1492,736117,43.79199981689453,10164000
1493,736118,43.79800033569336,11145000
1494,736121,44.13600158691406,11247500
1495,736122,46.46799850463867,31068000
1496,736123,47.104000091552734,29860000
1497,736124,45.87200164794922,22460500
1498,736125,43.757999420166016,30133000
1499,736128,43.57400131225586,20965000
1500,736129,42.992000579833984,17901000
1501,736130,43.540000915527344,14542500
1502,736131,43.58599853515625,12201500
1503,736132,43.09400177001953,15563000
1504,736135,43.939998626708984,17777500
1505,736136,43.922000885009766,22645000
1506,736137,39.332000732421875,118712000
1507,736138,39.279998779296875,50653500
1508,736139,38.630001068115234,35132500
1509,736142,39.709999084472656,36027000
1510,736143,40.358001708984375,31062000
1511,736144,42.03799819946289,29974500
1512,736145,42.45600128173828,24215500
1513,736146,43.29999923706055,27000000
1514,736150,42.79600143432617,25876500
1515,736151,42.88800048828125,24599500
1516,736152,43.1879997253418,18060000
1517,736153,43.35599899291992,20374000
1518,736156,44.95600128173828,27149000
1519,736157,44.93000030517578,22856500
1520,736158,44.50600051879883,17835500
1521,736159,44.305999755859375,13379000
1522,736160,44.08000183105469,11171000
1523,736163,45.25,17060500
1524,736164,45.051998138427734,15575500
1525,736165,45.672000885009766,12842500
1526,736166,44.099998474121094,22143500
1527,736167,44.45399856567383,12898500
1528,736170,46.00199890136719,22453500
1529,736171,45.902000427246094,17150000
1530,736172,45.698001861572266,14445000
1531,736173,46.12200164794922,12095500
1532,736174,46.95800018310547,15354000
1533,736177,46.00199890136719,20081500
1534,736178,45.439998626708984,19672000
1535,736179,45.15800094604492,19439000
1536,736180,46.12200164794922,20735000
1537,736181,46.00600051879883,16026000
1538,736184,45.231998443603516,11318000
1539,736185,45.816001892089844,11039000
1540,736186,45.130001068115234,11691500
1541,736187,44.981998443603516,9404500
1542,736188,45.12200164794922,9067500
1543,736191,45.11800003051758,10171500
1544,736192,44.72200012207031,11335500
1545,736193,44.64799880981445,8935500
1546,736194,44.70199966430664,8572500
1547,736195,45.0,8297500
1548,736198,44.58599853515625,10327500
1549,736199,44.96799850463867,23922000
1550,736200,44.52399826049805,12853500
1551,736201,44.19200134277344,8812500
1552,736202,43.99800109863281,11195000
1553,736205,43.040000915527344,16331500
1554,736206,42.268001556396484,15844500
1555,736207,42.402000427246094,16382500
1556,736208,40.15399932861328,39715500
1557,736209,39.555999755859375,29887000
1558,736213,40.566001892089844,21953000
1559,736214,40.34199905395508,18204500
1560,736215,39.47200012207031,16889500
1561,736216,38.89400100708008,18785000
1562,736219,39.65999984741211,18576000
1563,736220,39.209999084472656,17947000
1564,736221,39.28200149536133,11272500
1565,736222,40.08399963378906,15386000
1566,736223,41.08000183105469,15539000
1567,736226,41.268001556396484,11497500
1568,736227,40.928001403808594,12052500
1569,736228,41.04399871826172,13167500
1570,736229,41.2859992980957,11914500
1571,736230,41.4900016784668,14526000
1572,736233,41.79800033569336,11972000
1573,736234,41.1619987487793,16866000
1574,736235,41.25400161743164,10442000
1575,736236,40.13999938964844,13635000
1576,736237,40.805999755859375,12931500
1577,736240,42.7400016784668,29999500
1578,736241,42.28200149536133,17707500
1579,736242,41.69200134277344,9387500
1580,736243,40.20000076293945,23517000
1581,736244,39.321998596191406,17465000
1582,736247,40.189998626708984,16581500
1583,736248,40.02000045776367,11642000
1584,736249,40.301998138427734,9853500
1585,736250,40.04800033569336,12473000
1586,736251,39.301998138427734,21349500
1587,736254,38.79199981689453,22770500
1588,736255,39.81999969482422,28402500
1589,736256,40.71200180053711,34956000
1590,736257,39.81999969482422,25364500
1591,736258,40.018001556396484,14717000
1592,736261,40.551998138427734,13758000
1593,736262,40.46799850463867,12225000
1594,736263,40.448001861572266,28164000
1595,736264,40.801998138427734,65468500
1596,736265,39.99399948120117,21400500
1597,736268,39.54600143432617,23461500
1598,736269,38.15800094604492,35300000
1599,736270,37.604000091552734,21267000
1600,736271,37.48400115966797,13265000
1601,736272,38.11199951171875,25730000
1602,736275,38.641998291015625,19350500
1603,736276,38.987998962402344,16338000
1604,736277,38.012001037597656,40865500
1605,736278,37.06999969482422,33751500
1606,736279,37.71200180053711,19942500
1607,736282,36.290000915527344,32761000
1608,736283,36.75400161743164,19510000
1609,736284,36.7859992980957,17172000
1610,736285,37.731998443603516,24435500
1611,736286,37.00400161743164,26051500
1612,736289,36.90399932861328,21805000
1613,736290,38.23400115966797,28017000
1614,736291,38.62799835205078,24459500
1615,736293,39.33000183105469,11830500
1616,736296,39.2239990234375,22646000
1617,736297,37.91400146484375,22196500
1618,736298,37.880001068115234,17735500
1619,736299,36.375999450683594,25632000
1620,736300,36.29399871826172,20211500
1621,736303,37.36000061035156,20361000
1622,736304,37.16999816894531,16958000
1623,736305,38.630001068115234,27309500
1624,736306,38.45800018310547,15970500
1625,736307,38.43600082397461,13612500
1626,736310,38.486000061035156,12194500
1627,736311,39.630001068115234,34119500
1628,736312,39.737998962402344,20754500
1629,736313,39.51599884033203,16098000
1630,736314,40.49800109863281,18984500
1631,736317,40.54600143432617,17440500
1632,736318,41.757999420166016,23445500
1633,736319,41.540000915527344,26038000
1634,736320,41.689998626708984,15555500
1635,736321,42.667999267578125,23352500
1636,736325,43.90599822998047,29578500
1637,736326,43.948001861572266,18912500
1638,736327,42.93600082397461,20225000
1639,736328,42.737998962402344,23213000
1640,736332,43.39799880981445,29616500
1641,736333,45.39799880981445,56067500
1642,736334,45.349998474121094,29558500
1643,736335,45.801998138427734,27639500
1644,736338,46.25600051879883,19897500
1645,736339,45.9739990234375,18300000
1646,736340,45.94599914550781,18254000
1647,736341,45.917999267578125,18951000
1648,736342,47.54999923706055,30465000
1649,736346,47.11600112915039,23087500
1650,736347,47.672000885009766,18845000
1651,736348,48.75199890136719,38661500
1652,736349,48.94599914550781,21021500
1653,736352,49.784000396728516,31314500
1654,736353,50.922000885009766,24827500
1655,736354,50.89400100708008,25713000
1656,736355,50.50199890136719,15760500
1657,736356,50.59000015258789,15831500
1658,736359,50.125999450683594,19005500
1659,736360,50.38600158691406,20580500
1660,736361,49.847999572753906,19794000
1661,736362,50.310001373291016,12499000
1662,736363,50.26599884033203,10933500
1663,736366,51.55400085449219,17812500
1664,736367,51.49599838256836,21224000
1665,736368,52.41600036621094,19665000
1666,736369,53.84000015258789,39101000
1667,736370,53.84600067138672,18098500
1668,736373,56.119998931884766,35148000
1669,736374,56.19599914550781,36726000
1670,736375,55.95199966430664,24739500
1671,736376,53.790000915527344,35386500
1672,736377,54.44599914550781,31285500
1673,736381,55.47800064086914,28383500
1674,736382,54.70199966430664,43775000
1675,736383,51.198001861572266,74576000
1676,736384,51.400001525878906,40858000
1677,736387,49.24599838256836,57304000
1678,736388,49.99800109863281,30390500
1679,736389,50.00400161743164,24047500
1680,736390,50.09600067138672,16759000
1681,736391,50.31399917602539,14597000
1682,736394,50.242000579833984,16777500
1683,736395,49.71799850463867,17297500
1684,736396,49.374000549316406,18626000
1685,736397,48.97999954223633,19396500
1686,736398,48.737998962402344,15331500
1687,736401,49.23400115966797,15113000
1688,736402,51.599998474121094,37992000
1689,736403,51.145999908447266,26654000
1690,736404,52.40999984741211,35661000
1691,736405,52.29999923706055,32487500
1692,736408,52.38399887084961,18071500
1693,736409,50.13600158691406,34543000
1694,736410,51.00199890136719,20296500
1695,736411,50.95600128173828,16601000
1696,736412,52.63199996948242,28236500
1697,736415,54.04399871826172,31154000
1698,736416,55.4900016784668,39938000
1699,736417,55.47600173950195,18381000
1700,736418,55.58399963378906,20742000
1701,736419,55.65999984741211,16473000
1702,736422,59.70399856567383,69443000
1703,736423,60.7400016784668,50673000
1704,736424,59.0,39404500
1705,736425,59.7400016784668,27603000
1706,736426,60.507999420166016,22898000
1707,736429,62.47800064086914,38322500
1708,736430,61.742000579833984,28623000
1709,736431,59.36800003051758,30253500
1710,736432,60.79999923706055,46423000
1711,736436,60.28799819946289,20693500
1712,736437,60.04999923706055,15178500
1713,736438,61.104000091552734,19490000
1714,736439,60.50199890136719,30747000
1715,736440,61.119998931884766,22549000
1716,736443,61.60599899291992,25417500
1717,736444,62.757999420166016,33688500
1718,736445,62.034000396728516,23475000
1719,736446,61.72600173950195,17343000
1720,736447,62.81399917602539,22527500
1721,736450,64.56600189208984,44148000
1722,736451,63.77799987792969,26914000
1723,736452,62.20399856567383,35667000
1724,736453,59.09199905395508,70760000
1725,736454,61.66999816894531,40886500
1726,736457,61.4379997253418,35032500
1727,736458,64.25199890136719,48382500
1728,736459,65.04399871826172,28708000
1729,736460,64.62000274658203,23769000
1730,736461,64.96199798583984,20608000
1731,736464,63.17599868774414,38110000
1732,736465,63.402000427246094,20762500
1733,736466,61.22200012207031,33559500
1734,736467,62.61199951171875,28269000
1735,736468,62.16600036621094,23438000
1736,736471,62.06999969482422,21646000
1737,736472,60.77199935913086,21592000
1738,736473,62.04399871826172,25166500
1739,736474,63.36600112915039,25070000
1740,736475,65.02799987792969,39011000
1741,736479,67.0199966430664,38914500
1742,736480,68.2020034790039,49817000
1743,736481,68.0739974975586,38040000
1744,736482,67.97000122070312,27951000
1745,736485,69.46399688720703,33922000
1746,736486,70.56999969482422,55434000
1747,736487,71.93000030517578,46990000
1748,736488,74.0,45307500
1749,736489,71.46399688720703,86307000
1750,736492,71.802001953125,52588500
1751,736493,75.19000244140625,59039500
1752,736494,76.13200378417969,64092000
1753,736495,75.06800079345703,52132500
1754,736496,74.27999877929688,33655000
1755,736499,73.95999908447266,32746500
1756,736500,74.447998046875,37193500
1757,736501,75.27999877929688,24616000
1758,736502,76.52200317382812,37649000
1759,736503,76.69000244140625,32229000
1760,736506,75.49800109863281,33020500
1761,736507,72.4739990234375,34982000
1762,736508,74.24800109863281,31512500
1763,736509,72.1500015258789,41105000
1764,736510,72.3219985961914,29242500
